{
  "Achaia": "Western Greece",
  "Aegina": "Attica",
  "Agios Nikolaos": "Crete",
  "Agrafa": "Central Greece",
  "Agrinio": "Western Greece",
  "Aigio": "Western Greece",
  "Alexandroupolis": "Eastern Macedonia and Thrace",
  "Alimos": "Attica",
  "Aliveri": "Central Greece",
  "Almopia": "Central Macedonia",
  "Amfissa": "Central Greece",
  "Andros": "North Aegean",
  "Argolida": "Peloponnese",
  "Argolis": "Peloponnese",
  "Argostoli": "Ionian Islands",
  "Aridea": "Central Macedonia",
  "Arta": "Epirus",
  "Athos": "Central Macedonia",
  "Chalkida": "Central Greece",
  "Chalkidiki": "Central Macedonia",
  "Chios": "North Aegean",
  "Corfu": "Ionian Islands",
  "Cyclades": "South Aegean",
  "Distomo": "Central Greece",
  "Drama": "Eastern Macedonia and Thrace",
  "Dramas": "Eastern Macedonia and Thrace",
  "Egio": "Western Greece",
  "Elassona": "Thessaly",
  "Ermoupolis": "South Aegean",
  "Evros": "Eastern Macedonia and Thrace",
  "Farsala": "Thessaly",
  "Gargaliani": "Peloponnese",
  "Gavdos": "Crete",
  "Giannitsa": "Central Macedonia",
  "Grevena": "Western Macedonia",
  "Halkidiki": "Central Macedonia",
  "Heraclion": "Crete",
  "Ierapetra": "Crete",
  "Igoumenitsa": "Epirus",
  "Ioannina": "Epirus",
  "Istiaia": "Central Greece",
  "Itea": "Central Greece",
  "Kalamata": "Peloponnese",
  "Kalambaka": "Thessaly",
  "Kalavryta": "Peloponnese",
  "Kalymnos": "South Aegean",
  "Karditsa": "Thessaly",
  "Karpathos": "South Aegean",
  "Karpenisi": "Central Greece",
  "Kastoria": "Western Macedonia",
  "Katerini": "Central Macedonia",
  "Kavala": "Eastern Macedonia and Thrace",
  "Kefalonia": "Ionian Islands",
  "Kerkyra": "Ionian Islands",
  "Kifissia": "Attica",
  "Kilkis": "Central Macedonia",
  "Komotini": "Eastern Macedonia and Thrace",
  "Korinthos": "Peloponnese",
  "Kos": "South Aegean",
  "Kozani": "Western Macedonia",
  "Krestena": "Western Greece",
  "Kreta": "Crete",
  "Kyparissia": "Peloponnese",
  "Lefkada": "Ionian Islands",
  "Lesvos": "North Aegean",
  "Livadia": "Central Greece",
  "Loutraki": "Peloponnese",
  "Macedonia": "Central Macedonia",
  "Mandra": "Attica",
  "Megara": "Attica",
  "Mesologgi": "Western Greece",
  "Messologi": "Western Greece",
  "Molaoi": "Peloponnese",
  "Moschato": "Attica",
  "Mykonos": "South Aegean",
  "Nafpaktos": "Western Greece",
  "Naxos": "South Aegean",
  "Nea Mesimvria": "Central Macedonia",
  "Nea Styra": "Central Greece",
  "Nikaia": "Attica",
  "Nemea": "Peloponnese",
  "Orestiada": "Eastern Macedonia and Thrace",
  "Paros": "South Aegean",
  "Patra": "Western Greece",
  "Patras": "Western Greece",
  "Pella": "Central Macedonia",
  "Peloponnes": "Peloponnese",
  "Pieria": "Central Macedonia",
  "Piraeus": "Attica",
  "Pirgos": "Western Greece",
  "Poros": "Attica",
  "Preveza": "Epirus",
  "Ptolemaida": "Western Macedonia",
  "Pylos": "Peloponnese",
  "Pyrgos": "Western Greece",
  "Rethimno": "Crete",
  "Rhodes": "South Aegean",
  "Samos": "North Aegean",
  "Samothraki": "Eastern Macedonia and Thrace",
  "Santorini": "South Aegean",
  "Serres": "Central Macedonia",
  "Siatista": "Western Macedonia",
  "Sifnos": "South Aegean",
  "Sitia": "Crete",
  "Skiathos": "Thessaly",
  "Sparta": "Peloponnese",
  "Sparti": "Peloponnese",
  "Stylida": "Central Greece",
  "Symi": "South Aegean",
  "Syros": "South Aegean",
  "Thasos": "Eastern Macedonia and Thrace",
  "Thespies": "Central Greece",
  "Thiva": "Central Greece",
  "Trikala": "Thessaly",
  "Tripoli": "Peloponnese",
  "Veria": "Central Macedonia",
  "Volos": "Thessaly",
  "Xanthi": "Eastern Macedonia and Thrace",
  "Xiromero": "Western Greece",
  "Amaliada": "Western Greece",
  "Αλεξανδρούπολις": "Eastern Macedonia and Thrace",
  "Βέροια": "Central Macedonia",
  "Κέρκυρα": "Ionian Islands",
  "Καστοριά": "Western Macedonia",
  "Μακεδονία": "Central Macedonia"
}
